{
  "topK": 10,
  "includeMetadata": true,

  "queries": [
    {

      "values": [
        0.7645987331460353,
        0.29278520826232235,
        0.4651082581620667,
        0.9267946761744861,
        0.46581996200806064,
        0.8591199428566286,
        0.7379559526687129,
        0.5503074651813005,
        0.6846319448653181,
        0.4736874154599323,
        0.5450752734862646,
        0.5434632728685922,
        0.9121642231681089,
        0.35413115699395115,
        0.0866959750031276,
        0.5241122985360054,
        0.6163305137504954,
        0.3056927549009587,
        0.48311254557281336,
        0.8914163438389459,
        0.312952643211727,
        0.14040694100196216,
        0.7192364392142151,
        0.6003534704705239,
        0.562580381932116,
        0.2466465317211871,
        0.3008253323432192,
        0.1965676955790244,
        0.26321097025821416,
        0.9621800285688448,
        0.8801993663031425,
        0.13598161692327349,
        0.6797034314408222,
        0.5703215895565782,
        0.8750089543769797,
        0.6043992646270058,
        0.5204695066933515,
        0.003605703563453091,
        0.4829271177667098,
        0.23607310750473393,
        0.9111864007410289,
        0.05185191075413706,
        0.911803142790278,
        0.9091318040456572,
        0.4476186359063805,
        0.6119028894594248,
        0.43401470499468925,
        0.6494333743649374,
        0.3251729069127284,
        0.5171626934538373,
        0.28178763006499924,
        0.35687767886579275,
        0.25737013463630704,
        0.7506735793660126,
        0.7362407871606119,
        0.17680695124720322,
        0.805129904552138,
        0.15779044133343495,
        0.5714252557832313,
        0.10433103753784308,
        0.28465955716107866,
        0.6719198730451013,
        0.8216485354678189,
        0.4572801537286596,
        0.14994641566580014,
        0.8230156060746383,
        0.8915893488666953,
        0.37133384683102355,
        0.28006592601994057,
        0.18444684991734933,
        0.8235780707681523,
        0.3014920494926314,
        0.6385409420631784,
        0.9667383130789378,
        0.026387280459247046,
        0.1030873735683323,
        0.45339055126596134,
        0.6417527006566054,
        0.8497038083972613,
        0.992068982610095,
        0.577399271100741,
        0.6543083560540524,
        0.9853401251833368,
        0.17769856188285102,
        0.4611197981948867,
        0.2696367059755447,
        0.047327709810981514,
        0.26615363170882156,
        0.12243700434966297,
        0.5516247143536467,
        0.01543326330970531,
        0.5609554996106502,
        0.3466573883483749,
        0.7597293428519878,
        0.6019710824634588,
        0.46201579784406566,
        0.6324298354096602,
        0.17189481667598683,
        0.14147643290501175,
        0.7997573825140547,
        0.785832472965621,
        0.18571388340142025,
        0.48463875329337497,
        0.18379999599466254,
        0.723900609706418,
        0.14457431119526168,
        0.3052470569253452,
        0.7806473637840922,
        0.3776849071731917,
        0.6427127811278919,
        0.560081367255644,
        0.22704984553988797,
        0.27866407094903733,
        0.16910075050584528,
        0.5210848070860207,
        0.7511042722038881,
        0.02295595062228901,
        0.27855340362341313,
        0.19376978460299632,
        0.7343049585641396,
        0.33847165462879847,
        0.6562836568023037,
        0.1975300905756023,
        0.3211115573006521,
        0.19457591114596223,
        0.6517921022146573,
        0.9478802220699403,
        0.809987786227628,
        0.5151949783025204,
        0.8345024884923116,
        0.8550913599434993,
        0.4113873280416234,
        0.5970832811334976,
        0.9705821149037157,
        0.014316189700165193,
        0.6382840032173246,
        0.22574590790070992,
        0.6754360684823979,
        0.9169274381460625,
        0.8327046636910778,
        0.5683652290162006,
        0.23012740848569216,
        0.6730315734041044,
        0.2516748916559245,
        0.01382187497496979,
        0.34746613619542543,
        0.44444548621112234,
        0.986288106311007,
        0.2054756912420473,
        0.7558651235712527,
        0.9679637507499549,
        0.3247489864696682,
        0.4496501145506972,
        0.054582211483259174,
        0.7755820599754425,
        0.5967927693292312,
        0.3159924181612691,
        0.7391646399885095,
        0.07896374788094707,
        0.8738839629899802,
        0.7033708162729819,
        0.7230601868331806,
        0.10668224831627122,
        0.063631243526906,
        0.4115055090201424,
        0.2738297054163511,
        0.06292806282673045,
        0.43194875940769223,
        0.6197773352782019,
        0.5044889159174761,
        0.07621370167574602,
        0.08581543714296504,
        0.05740203492450672,
        0.004742266632484923,
        0.7955791015989614,
        0.9080322567722923,
        0.8679775856230504,
        0.5142831118541052,
        0.25438718831379137,
        0.901889145230945,
        0.5249793035115706,
        0.5565273733819894,
        0.35620825833279796,
        0.8694749085310569,
        0.39571779276320634,
        0.24694615047873447,
        0.7454381564157342,
        0.19959977819640157,
        0.5165744242820672,
        0.015056737947381616,
        0.3536753890184016,
        0.22266125208150148,
        0.9364124985717329,
        0.2085147494871499,
        0.11260027861531226,
        0.9737349336229262,
        0.1272915998344685,
        0.9633730652653034,
        0.03093025479169324,
        0.8499205869985708,
        0.30620065893560655,
        0.8628118364677354,
        0.23776641633747167,
        0.9054780731321131,
        0.42235499840280327,
        0.7967504251036976,
        0.4293632277486837,
        0.6419111272406957,
        0.2771111646543955,
        0.08953543429947958,
        0.4849064882968943,
        0.44665960929834625,
        0.852685862242517,
        0.07207256556306936,
        0.39727506180767796,
        0.2599768129641809,
        0.6840486495855315,
        0.8892252824002711,
        0.10205470512308484,
        0.8461340857104792,
        0.8607870330081097,
        0.8617148067726117,
        0.8596007870930282,
        0.914283068478302,
        0.8335089910638827,
        0.11098992136901012,
        0.5501482942541654,
        0.38539714949033865,
        0.1847942400429262,
        0.9500919800341605,
        0.26328596315014413,
        0.8271353854136378,
        0.6478387413272387,
        0.3068073442299087,
        0.6170969068766703,
        0.39549261021512805,
        0.4694771895562548,
        0.7669847161250365,
        0.30344386671679174,
        0.08704028090356143,
        0.14607167848547536,
        0.36979894823973425,
        0.4144255139783399,
        0.8806424074070789,
        0.2789644538068841,
        0.8805869059195204,
        0.584531669408521,
        0.9908869066942507,
        0.8880298385513901,
        0.3728304076042528,
        0.5117687065268008,
        0.3617438569594147,
        0.5713231856316272,
        0.334537949600015,
        0.2986702894599134,
        0.9361191862424348,
        0.12012761458351918,
        0.9337865472603966,
        0.09266205649076237,
        0.48293039142893956,
        0.3791915119421115,
        0.28805380275065573,
        0.04236050998001601,
        0.9975403974063134,
        0.6658979058160224,
        0.4497320947744068,
        0.06396385559910074,
        0.5891956734863262,
        0.9622085266416373,
        0.02854476738572977,
        0.6959680055502803,
        0.017538503990176122,
        0.01872298076557859,
        0.8403856974832399,
        0.6612224538919471,
        0.5231759174344659,
        0.6294388792463859,
        0.8356423747212844,
        0.3654332418692122,
